{"cameraMode":{"drawMode":0,"name":"Shaded","section":"Shading Mode"},"sceneLighting":false,"audioPlay":false,"sceneViewState":{"m_AlwaysRefresh":false,"showFog":true,"showSkybox":false,"showFlares":true,"showImageEffects":true,"showParticleSystems":true,"showVisualEffectGraphs":true,"m_FxEnabled":true},"in2DMode":false,"pivot":{"x":0.00037164686364121735,"y":0.18693067133426667,"z":0.14335843920707704},"rotation":{"x":-0.18405437469482423,"y":-0.6898200511932373,"z":0.18826639652252198,"w":-0.6745635271072388},"size":0.40302473306655886,"orthographic":false}